Timestamp,Electricity Power (kW)
2023-08-01 00:00:00,733.91998291016
2023-08-01 01:00:00,706.23999023438
2023-08-01 02:00:00,666.71997070312
2023-08-01 03:00:00,719.03997802734
2023-08-01 04:00:00,701.76000976562
2023-08-01 05:00:00,1778.2399902344
2023-08-01 06:00:00,1421.2800292969
2023-08-01 07:00:00,1906.5600585938
2023-08-01 08:00:00,1832.8000488281
2023-08-01 09:00:00,1662.8800048828
2023-08-01 10:00:00,1931.8399658203
2023-08-01 11:00:00,1831.0400390625
2023-08-01 12:00:00,1731.1999511719
2023-08-01 13:00:00,1719.8399658203
2023-08-01 14:00:00,1630.5600585938
2023-08-01 15:00:00,1743.6800537109
2023-08-01 16:00:00,1814.5600585938
2023-08-01 17:00:00,1707.3599853516
2023-08-01 18:00:00,1627.1999511719
2023-08-01 19:00:00,1770.7199707031
2023-08-01 20:00:00,1156.8000488281
2023-08-01 21:00:00,1658.7199707031
2023-08-01 22:00:00,1438.2399902344
2023-08-01 23:00:00,1393.7600097656
2023-08-02 00:00:00,858.08001708984
2023-08-02 01:00:00,681.59997558594
2023-08-02 02:00:00,701.59997558594
2023-08-02 03:00:00,660.32000732422
2023-08-02 04:00:00,699.35998535156
2023-08-02 05:00:00,1198.7199707031
2023-08-02 06:00:00,1449.4399414062
2023-08-02 07:00:00,1846.7199707031
2023-08-02 08:00:00,1881.7600097656
2023-08-02 09:00:00,1605.1199951172
2023-08-02 10:00:00,1894.0799560547
2023-08-02 11:00:00,1906.4000244141
2023-08-02 12:00:00,1758.2399902344
2023-08-02 13:00:00,1814.5600585938
2023-08-02 14:00:00,1518.7199707031
2023-08-02 15:00:00,1708.4799804688
2023-08-02 16:00:00,1703.0400390625
2023-08-02 17:00:00,1753.5999755859
2023-08-02 18:00:00,1403.5200195312
2023-08-02 19:00:00,1692.6400146484
2023-08-02 20:00:00,1247.5200195312
2023-08-02 21:00:00,1436.3199462891
2023-08-02 22:00:00,1380.8000488281
2023-08-02 23:00:00,1497.1199951172
2023-08-03 00:00:00,1019.6799926758
2023-08-03 01:00:00,694.08001708984
2023-08-03 02:00:00,691.20001220703
2023-08-03 03:00:00,725.59997558594
2023-08-03 04:00:00,716.0
2023-08-03 05:00:00,1170.8800048828
2023-08-03 06:00:00,1306.5600585938
2023-08-03 07:00:00,1765.4399414062
2023-08-03 08:00:00,1808.6400146484
2023-08-03 09:00:00,1675.1999511719
2023-08-03 10:00:00,1889.9200439453
2023-08-03 11:00:00,1665.5999755859
2023-08-03 12:00:00,1762.7199707031
2023-08-03 13:00:00,1834.2399902344
2023-08-03 14:00:00,1604.3199462891
2023-08-03 15:00:00,1811.8399658203
2023-08-03 16:00:00,1806.5600585938
2023-08-03 17:00:00,1875.1999511719
2023-08-03 18:00:00,1693.9200439453
2023-08-03 19:00:00,1827.8399658203
2023-08-03 20:00:00,1495.1999511719
2023-08-03 21:00:00,1602.5600585938
2023-08-03 22:00:00,1369.4399414062
2023-08-03 23:00:00,1444.0
2023-08-04 00:00:00,1048.3199462891
2023-08-04 01:00:00,752.79998779297
2023-08-04 02:00:00,763.20001220703
2023-08-04 03:00:00,703.84002685547
2023-08-04 04:00:00,725.59997558594
2023-08-04 05:00:00,1131.5200195312
2023-08-04 06:00:00,1507.8399658203
2023-08-04 07:00:00,1889.9200439453
2023-08-04 08:00:00,1778.2399902344
2023-08-04 09:00:00,1674.2399902344
2023-08-04 10:00:00,1769.2800292969
2023-08-04 11:00:00,1936.1600341797
2023-08-04 12:00:00,1685.2800292969
2023-08-04 13:00:00,1782.7199707031
2023-08-04 14:00:00,1548.3199462891
2023-08-04 15:00:00,1836.0
2023-08-04 16:00:00,1801.1199951172
2023-08-04 17:00:00,1728.0
2023-08-04 18:00:00,1581.5999755859
2023-08-04 19:00:00,1668.4799804688
2023-08-04 20:00:00,1313.7600097656
2023-08-04 21:00:00,1603.8399658203
2023-08-04 22:00:00,1285.7600097656
2023-08-04 23:00:00,1529.5999755859
2023-08-05 00:00:00,676.15997314453
2023-08-05 01:00:00,719.67999267578
2023-08-05 02:00:00,708.32000732422
2023-08-05 03:00:00,714.40002441406
2023-08-05 04:00:00,625.59997558594
2023-08-05 05:00:00,723.84002685547
2023-08-05 06:00:00,756.64001464844
2023-08-05 07:00:00,696.0
2023-08-05 08:00:00,613.91998291016
2023-08-05 09:00:00,654.88000488281
2023-08-05 10:00:00,634.55999755859
2023-08-05 11:00:00,732.15997314453
2023-08-05 12:00:00,622.55999755859
2023-08-05 13:00:00,624.96002197266
2023-08-05 14:00:00,647.52001953125
2023-08-05 15:00:00,720.47998046875
2023-08-05 16:00:00,660.64001464844
2023-08-05 17:00:00,623.84002685547
2023-08-05 18:00:00,660.15997314453
2023-08-05 19:00:00,624.47998046875
2023-08-05 20:00:00,610.88000488281
2023-08-05 21:00:00,619.03997802734
2023-08-05 22:00:00,608.15997314453
2023-08-05 23:00:00,553.59997558594
2023-08-06 00:00:00,602.71997070312
2023-08-06 01:00:00,536.64001464844
2023-08-06 02:00:00,497.76000976563
2023-08-06 03:00:00,517.28002929688
2023-08-06 04:00:00,517.76000976562
2023-08-06 05:00:00,528.32000732422
2023-08-06 06:00:00,519.52001953125
2023-08-06 07:00:00,514.55999755859
2023-08-06 08:00:00,470.07998657227
2023-08-06 09:00:00,534.88000488281
2023-08-06 10:00:00,516.15997314453
2023-08-06 11:00:00,501.11999511719
2023-08-06 12:00:00,492.64001464844
2023-08-06 13:00:00,595.20001220703
2023-08-06 14:00:00,526.40002441406
2023-08-06 15:00:00,439.67999267578
2023-08-06 16:00:00,443.83999633789
2023-08-06 17:00:00,498.39999389648
2023-08-06 18:00:00,536.32000732422
2023-08-06 19:00:00,524.0
2023-08-06 20:00:00,514.40002441406
2023-08-06 21:00:00,495.83999633789
2023-08-06 22:00:00,486.88000488281
2023-08-06 23:00:00,465.60000610352
2023-08-07 00:00:00,496.95999145508
2023-08-07 01:00:00,470.39999389648
2023-08-07 02:00:00,463.83999633789
2023-08-07 03:00:00,465.76000976563
2023-08-07 04:00:00,510.39999389648
2023-08-07 05:00:00,797.28002929688
2023-08-07 06:00:00,1567.8399658203
2023-08-07 07:00:00,1793.9200439453
2023-08-07 08:00:00,1807.8399658203
2023-08-07 09:00:00,1832.8000488281
2023-08-07 10:00:00,1860.4799804688
2023-08-07 11:00:00,1896.9599609375
2023-08-07 12:00:00,1646.4000244141
2023-08-07 13:00:00,1340.9599609375
2023-08-07 14:00:00,882.08001708984
2023-08-07 15:00:00,786.08001708984
2023-08-07 16:00:00,853.11999511719
2023-08-07 17:00:00,1593.7600097656
2023-08-07 18:00:00,1673.9200439453
2023-08-07 19:00:00,1662.7199707031
2023-08-07 20:00:00,1546.2399902344
2023-08-07 21:00:00,1416.4799804688
2023-08-07 22:00:00,1508.9599609375
2023-08-07 23:00:00,1457.2800292969
2023-08-08 00:00:00,1452.9599609375
2023-08-08 01:00:00,972.64001464844
2023-08-08 02:00:00,683.84002685547
2023-08-08 03:00:00,664.64001464844
2023-08-08 04:00:00,694.08001708984
2023-08-08 05:00:00,851.52001953125
2023-08-08 06:00:00,1657.5999755859
2023-08-08 07:00:00,1863.1999511719
2023-08-08 08:00:00,1879.8399658203
2023-08-08 09:00:00,1638.5600585938
2023-08-08 10:00:00,1757.4399414062
2023-08-08 11:00:00,1806.2399902344
2023-08-08 12:00:00,1787.8399658203
2023-08-08 13:00:00,1820.6400146484
2023-08-08 14:00:00,1517.4399414062
2023-08-08 15:00:00,1654.7199707031
2023-08-08 16:00:00,1611.0400390625
2023-08-08 17:00:00,1659.1999511719
2023-08-08 18:00:00,1521.7600097656
2023-08-08 19:00:00,1713.2800292969
2023-08-08 20:00:00,1617.2800292969
2023-08-08 21:00:00,1483.8399658203
2023-08-08 22:00:00,1312.1600341797
2023-08-08 23:00:00,1442.5600585938
2023-08-09 00:00:00,636.79998779297
2023-08-09 01:00:00,696.64001464844
2023-08-09 02:00:00,640.96002197266
2023-08-09 03:00:00,713.44000244141
2023-08-09 04:00:00,693.59997558594
2023-08-09 05:00:00,896.47998046875
2023-08-09 06:00:00,1659.3599853516
2023-08-09 07:00:00,1882.8800048828
2023-08-09 08:00:00,1826.2399902344
2023-08-09 09:00:00,1756.6400146484
2023-08-09 10:00:00,1842.4000244141
2023-08-09 11:00:00,1805.9200439453
2023-08-09 12:00:00,1654.0799560547
2023-08-09 13:00:00,1714.7199707031
2023-08-09 14:00:00,1538.7199707031
2023-08-09 15:00:00,1634.5600585938
2023-08-09 16:00:00,1624.0
2023-08-09 17:00:00,1715.6800537109
2023-08-09 18:00:00,1363.5200195312
2023-08-09 19:00:00,1609.9200439453
2023-08-09 20:00:00,1607.5200195312
2023-08-09 21:00:00,1605.9200439453
2023-08-09 22:00:00,1501.5999755859
2023-08-09 23:00:00,1409.2800292969
2023-08-10 00:00:00,1094.2399902344
2023-08-10 01:00:00,642.40002441406
2023-08-10 02:00:00,679.84002685547
2023-08-10 03:00:00,706.08001708984
2023-08-10 04:00:00,706.55999755859
2023-08-10 05:00:00,888.96002197266
2023-08-10 06:00:00,1760.0
2023-08-10 07:00:00,1933.5999755859
2023-08-10 08:00:00,1808.6400146484
2023-08-10 09:00:00,1656.6400146484
2023-08-10 10:00:00,1944.0
2023-08-10 11:00:00,1937.7600097656
2023-08-10 12:00:00,1862.5600585938
2023-08-10 13:00:00,1946.2399902344
2023-08-10 14:00:00,1570.4000244141
2023-08-10 15:00:00,1773.9200439453
2023-08-10 16:00:00,1725.5999755859
2023-08-10 17:00:00,1788.8000488281
2023-08-10 18:00:00,1500.4799804688
2023-08-10 19:00:00,1555.5200195312
2023-08-10 20:00:00,1707.0400390625
2023-08-10 21:00:00,1535.3599853516
2023-08-10 22:00:00,1435.8399658203
2023-08-10 23:00:00,1470.5600585938
2023-08-11 00:00:00,1131.1999511719
2023-08-11 01:00:00,715.67999267578
2023-08-11 02:00:00,682.71997070312
2023-08-11 03:00:00,691.84002685547
2023-08-11 04:00:00,700.64001464844
2023-08-11 05:00:00,1252.8000488281
2023-08-11 06:00:00,1625.2800292969
2023-08-11 07:00:00,1786.8800048828
2023-08-11 08:00:00,1760.0
2023-08-11 09:00:00,1683.3599853516
2023-08-11 10:00:00,1837.4399414062
2023-08-11 11:00:00,1968.0
2023-08-11 12:00:00,1976.4799804688
2023-08-11 13:00:00,1910.7199707031
2023-08-11 14:00:00,1625.5999755859
2023-08-11 15:00:00,1930.0799560547
2023-08-11 16:00:00,1869.9200439453
2023-08-11 17:00:00,1736.1600341797
2023-08-11 18:00:00,1449.9200439453
2023-08-11 19:00:00,1671.5200195312
2023-08-11 20:00:00,1651.6800537109
2023-08-11 21:00:00,1620.3199462891
2023-08-11 22:00:00,1494.7199707031
2023-08-11 23:00:00,1508.9599609375
2023-08-12 00:00:00,897.91998291016
2023-08-12 01:00:00,718.88000488281
2023-08-12 02:00:00,629.59997558594
2023-08-12 03:00:00,693.76000976562
2023-08-12 04:00:00,641.28002929688
2023-08-12 05:00:00,691.67999267578
2023-08-12 06:00:00,747.84002685547
2023-08-12 07:00:00,646.08001708984
2023-08-12 08:00:00,586.55999755859
2023-08-12 09:00:00,658.08001708984
2023-08-12 10:00:00,654.23999023438
2023-08-12 11:00:00,652.15997314453
2023-08-12 12:00:00,777.76000976562
2023-08-12 13:00:00,724.15997314453
2023-08-12 14:00:00,681.91998291016
2023-08-12 15:00:00,655.67999267578
2023-08-12 16:00:00,667.84002685547
2023-08-12 17:00:00,742.71997070312
2023-08-12 18:00:00,682.08001708984
2023-08-12 19:00:00,679.35998535156
2023-08-12 20:00:00,665.11999511719
2023-08-12 21:00:00,654.40002441406
2023-08-12 22:00:00,620.0
2023-08-12 23:00:00,609.28002929688
2023-08-13 00:00:00,515.03997802734
2023-08-13 01:00:00,539.03997802734
2023-08-13 02:00:00,530.55999755859
2023-08-13 03:00:00,514.88000488281
2023-08-13 04:00:00,568.64001464844
2023-08-13 05:00:00,506.07998657227
2023-08-13 06:00:00,490.55999755859
2023-08-13 07:00:00,490.07998657227
2023-08-13 08:00:00,464.64001464844
2023-08-13 09:00:00,508.48001098633
2023-08-13 10:00:00,498.55999755859
2023-08-13 11:00:00,580.32000732422
2023-08-13 12:00:00,533.28002929688
2023-08-13 13:00:00,494.88000488281
2023-08-13 14:00:00,562.71997070312
2023-08-13 15:00:00,513.76000976562
2023-08-13 16:00:00,531.20001220703
2023-08-13 17:00:00,559.52001953125
2023-08-13 18:00:00,539.84002685547
2023-08-13 19:00:00,543.67999267578
2023-08-13 20:00:00,505.2799987793
2023-08-13 21:00:00,483.51998901367
2023-08-13 22:00:00,468.48001098633
2023-08-13 23:00:00,524.64001464844
2023-08-14 00:00:00,523.03997802734
2023-08-14 01:00:00,518.08001708984
2023-08-14 02:00:00,505.2799987793
2023-08-14 03:00:00,562.08001708984
2023-08-14 04:00:00,587.20001220703
2023-08-14 05:00:00,792.64001464844
2023-08-14 06:00:00,1419.1999511719
2023-08-14 07:00:00,1939.1999511719
2023-08-14 08:00:00,1885.4399414062
2023-08-14 09:00:00,1896.3199462891
2023-08-14 10:00:00,2148.0
2023-08-14 11:00:00,2109.2800292969
2023-08-14 12:00:00,1926.0799560547
2023-08-14 13:00:00,2167.8400878906
2023-08-14 14:00:00,1890.0799560547
2023-08-14 15:00:00,1952.4799804688
2023-08-14 16:00:00,1694.8800048828
2023-08-14 17:00:00,2004.9599609375
2023-08-14 18:00:00,1660.4799804688
2023-08-14 19:00:00,1794.7199707031
2023-08-14 20:00:00,1266.2399902344
2023-08-14 21:00:00,1654.7199707031
2023-08-14 22:00:00,1491.6800537109
2023-08-14 23:00:00,1437.5999755859
2023-08-15 00:00:00,739.35998535156
2023-08-15 01:00:00,754.23999023438
2023-08-15 02:00:00,716.15997314453
2023-08-15 03:00:00,709.28002929688
2023-08-15 04:00:00,672.47998046875
2023-08-15 05:00:00,765.44000244141
2023-08-15 06:00:00,629.44000244141
2023-08-15 07:00:00,629.11999511719
2023-08-15 08:00:00,579.20001220703
2023-08-15 09:00:00,672.96002197266
2023-08-15 10:00:00,625.91998291016
2023-08-15 11:00:00,661.28002929688
2023-08-15 12:00:00,757.76000976562
2023-08-15 13:00:00,681.11999511719
2023-08-15 14:00:00,724.79998779297
2023-08-15 15:00:00,737.11999511719
2023-08-15 16:00:00,757.44000244141
2023-08-15 17:00:00,720.0
2023-08-15 18:00:00,682.40002441406
2023-08-15 19:00:00,748.32000732422
2023-08-15 20:00:00,668.96002197266
2023-08-15 21:00:00,652.47998046875
2023-08-15 22:00:00,619.35998535156
2023-08-15 23:00:00,667.35998535156
2023-08-16 00:00:00,586.55999755859
2023-08-16 01:00:00,582.40002441406
2023-08-16 02:00:00,566.88000488281
2023-08-16 03:00:00,668.79998779297
2023-08-16 04:00:00,692.32000732422
2023-08-16 05:00:00,807.52001953125
2023-08-16 06:00:00,1430.2399902344
2023-08-16 07:00:00,1921.9200439453
2023-08-16 08:00:00,1910.0799560547
2023-08-16 09:00:00,1819.0400390625
2023-08-16 10:00:00,2024.0
2023-08-16 11:00:00,1958.0799560547
2023-08-16 12:00:00,1895.0400390625
2023-08-16 13:00:00,1897.7600097656
2023-08-16 14:00:00,1662.2399902344
2023-08-16 15:00:00,1845.1199951172
2023-08-16 16:00:00,1682.5600585938
2023-08-16 17:00:00,1826.2399902344
2023-08-16 18:00:00,1682.8800048828
2023-08-16 19:00:00,1695.3599853516
2023-08-16 20:00:00,1332.3199462891
2023-08-16 21:00:00,1732.1600341797
2023-08-16 22:00:00,1508.1600341797
2023-08-16 23:00:00,1569.4399414062
2023-08-17 00:00:00,729.76000976562
2023-08-17 01:00:00,767.03997802734
2023-08-17 02:00:00,735.35998535156
2023-08-17 03:00:00,778.71997070312
2023-08-17 04:00:00,803.67999267578
2023-08-17 05:00:00,967.35998535156
2023-08-17 06:00:00,1499.3599853516
2023-08-17 07:00:00,1859.8399658203
2023-08-17 08:00:00,1918.5600585938
2023-08-17 09:00:00,1601.2800292969
2023-08-17 10:00:00,2037.1199951172
2023-08-17 11:00:00,1813.2800292969
2023-08-17 12:00:00,1853.2800292969
2023-08-17 13:00:00,1861.7600097656
2023-08-17 14:00:00,1732.0
2023-08-17 15:00:00,1929.4399414062
2023-08-17 16:00:00,1745.2800292969
2023-08-17 17:00:00,1800.8000488281
2023-08-17 18:00:00,1661.9200439453
2023-08-17 19:00:00,1822.7199707031
2023-08-17 20:00:00,1208.9599609375
2023-08-17 21:00:00,1653.4399414062
2023-08-17 22:00:00,1463.1999511719
2023-08-17 23:00:00,1539.0400390625
2023-08-18 00:00:00,1240.4799804688
2023-08-18 01:00:00,779.20001220703
2023-08-18 02:00:00,776.15997314453
2023-08-18 03:00:00,767.35998535156
2023-08-18 04:00:00,756.64001464844
2023-08-18 05:00:00,1015.8400268555
2023-08-18 06:00:00,1547.6800537109
2023-08-18 07:00:00,1912.8000488281
2023-08-18 08:00:00,2015.8399658203
2023-08-18 09:00:00,1735.6800537109
2023-08-18 10:00:00,1983.1999511719
2023-08-18 11:00:00,2036.4799804687
2023-08-18 12:00:00,1788.6400146484
2023-08-18 13:00:00,1888.9599609375
2023-08-18 14:00:00,1709.7600097656
2023-08-18 15:00:00,1739.1999511719
2023-08-18 16:00:00,1837.2800292969
2023-08-18 17:00:00,1736.8000488281
2023-08-18 18:00:00,1606.5600585938
2023-08-18 19:00:00,1714.2399902344
2023-08-18 20:00:00,1334.5600585938
2023-08-18 21:00:00,1605.1199951172
2023-08-18 22:00:00,1402.0799560547
2023-08-18 23:00:00,1162.0799560547
2023-08-19 00:00:00,841.76000976562
2023-08-19 01:00:00,752.96002197266
2023-08-19 02:00:00,705.76000976562
2023-08-19 03:00:00,689.28002929688
2023-08-19 04:00:00,658.88000488281
2023-08-19 05:00:00,725.91998291016
2023-08-19 06:00:00,702.40002441406
2023-08-19 07:00:00,739.03997802734
2023-08-19 08:00:00,684.96002197266
2023-08-19 09:00:00,669.44000244141
2023-08-19 10:00:00,667.67999267578
2023-08-19 11:00:00,692.64001464844
2023-08-19 12:00:00,717.91998291016
2023-08-19 13:00:00,675.20001220703
2023-08-19 14:00:00,724.15997314453
2023-08-19 15:00:00,680.47998046875
2023-08-19 16:00:00,650.71997070312
2023-08-19 17:00:00,699.52001953125
2023-08-19 18:00:00,670.55999755859
2023-08-19 19:00:00,750.71997070312
2023-08-19 20:00:00,668.64001464844
2023-08-19 21:00:00,661.91998291016
2023-08-19 22:00:00,642.40002441406
2023-08-19 23:00:00,646.23999023438
2023-08-20 00:00:00,605.44000244141
2023-08-20 01:00:00,586.71997070312
2023-08-20 02:00:00,577.11999511719
2023-08-20 03:00:00,573.44000244141
2023-08-20 04:00:00,574.23999023438
2023-08-20 05:00:00,506.7200012207
2023-08-20 06:00:00,574.23999023438
2023-08-20 07:00:00,529.11999511719
2023-08-20 08:00:00,497.2799987793
2023-08-20 09:00:00,564.79998779297
2023-08-20 10:00:00,579.84002685547
2023-08-20 11:00:00,590.08001708984
2023-08-20 12:00:00,581.44000244141
2023-08-20 13:00:00,575.84002685547
2023-08-20 14:00:00,636.96002197266
2023-08-20 15:00:00,615.35998535156
2023-08-20 16:00:00,576.96002197266
2023-08-20 17:00:00,627.52001953125
2023-08-20 18:00:00,634.08001708984
2023-08-20 19:00:00,677.59997558594
2023-08-20 20:00:00,598.40002441406
2023-08-20 21:00:00,602.08001708984
2023-08-20 22:00:00,620.64001464844
2023-08-20 23:00:00,627.03997802734
2023-08-21 00:00:00,625.44000244141
2023-08-21 01:00:00,603.20001220703
2023-08-21 02:00:00,585.11999511719
2023-08-21 03:00:00,626.55999755859
2023-08-21 04:00:00,581.44000244141
2023-08-21 05:00:00,783.84002685547
2023-08-21 06:00:00,1423.8399658203
2023-08-21 07:00:00,1975.5200195312
2023-08-21 08:00:00,2052.6398925781
2023-08-21 09:00:00,1917.1199951172
2023-08-21 10:00:00,2114.8798828125
2023-08-21 11:00:00,2051.6799316406
2023-08-21 12:00:00,1999.6800537109
2023-08-21 13:00:00,2041.7600097656
2023-08-21 14:00:00,1896.3199462891
2023-08-21 15:00:00,1974.5600585938
2023-08-21 16:00:00,1880.6400146484
2023-08-21 17:00:00,1766.7199707031
2023-08-21 18:00:00,1607.1999511719
2023-08-21 19:00:00,1741.4399414062
2023-08-21 20:00:00,1425.2800292969
2023-08-21 21:00:00,1586.8800048828
2023-08-21 22:00:00,1500.9599609375
2023-08-21 23:00:00,1372.4799804688
2023-08-22 00:00:00,823.03997802734
2023-08-22 01:00:00,744.32000732422
2023-08-22 02:00:00,694.40002441406
2023-08-22 03:00:00,693.28002929688
2023-08-22 04:00:00,721.28002929688
2023-08-22 05:00:00,926.40002441406
2023-08-22 06:00:00,1349.7600097656
2023-08-22 07:00:00,2038.0799560547
2023-08-22 08:00:00,2007.8399658203
2023-08-22 09:00:00,1238.8800048828
2023-08-22 10:00:00,2101.4399414062
2023-08-22 11:00:00,2081.6000976562
2023-08-22 12:00:00,1957.1199951172
2023-08-22 13:00:00,1938.4000244141
2023-08-22 14:00:00,1701.5999755859
2023-08-22 15:00:00,1848.6400146484
2023-08-22 16:00:00,1781.4399414062
2023-08-22 17:00:00,1745.1199951172
2023-08-22 18:00:00,1549.5999755859
2023-08-22 19:00:00,1715.0400390625
2023-08-22 20:00:00,1613.9200439453
2023-08-22 21:00:00,1544.3199462891
2023-08-22 22:00:00,1467.3599853516
2023-08-22 23:00:00,1529.2800292969
2023-08-23 00:00:00,1213.4399414062
2023-08-23 01:00:00,773.44000244141
2023-08-23 02:00:00,699.03997802734
2023-08-23 03:00:00,733.59997558594
2023-08-23 04:00:00,704.32000732422
2023-08-23 05:00:00,913.76000976562
2023-08-23 06:00:00,1627.5200195312
2023-08-23 07:00:00,1999.5200195312
2023-08-23 08:00:00,2044.3199462891
2023-08-23 09:00:00,2026.2399902344
2023-08-23 10:00:00,1542.0799560547
2023-08-23 11:00:00,2040.1600341797
2023-08-23 12:00:00,1932.3199462891
2023-08-23 13:00:00,1965.1199951172
2023-08-23 14:00:00,1762.7199707031
2023-08-23 15:00:00,1895.0400390625
2023-08-23 16:00:00,1753.7600097656
2023-08-23 17:00:00,1843.6800537109
2023-08-23 18:00:00,1572.1600341797
2023-08-23 19:00:00,1685.7600097656
2023-08-23 20:00:00,1680.8000488281
2023-08-23 21:00:00,1611.0400390625
2023-08-23 22:00:00,1467.0400390625
2023-08-23 23:00:00,1498.5600585938
2023-08-24 00:00:00,789.11999511719
2023-08-24 01:00:00,720.0
2023-08-24 02:00:00,714.55999755859
2023-08-24 03:00:00,693.28002929688
2023-08-24 04:00:00,756.15997314453
2023-08-24 05:00:00,896.79998779297
2023-08-24 06:00:00,1444.4799804688
2023-08-24 07:00:00,1889.2800292969
2023-08-24 08:00:00,2008.6400146484
2023-08-24 09:00:00,1691.8399658203
2023-08-24 10:00:00,2043.8399658203
2023-08-24 11:00:00,2020.3199462891
2023-08-24 12:00:00,1953.1199951172
2023-08-24 13:00:00,1962.0799560547
2023-08-24 14:00:00,1644.3199462891
2023-08-24 15:00:00,1907.5200195312
2023-08-24 16:00:00,1794.0799560547
2023-08-24 17:00:00,1833.1199951172
2023-08-24 18:00:00,1693.9200439453
2023-08-24 19:00:00,1808.3199462891
2023-08-24 20:00:00,1610.8800048828
2023-08-24 21:00:00,1599.3599853516
2023-08-24 22:00:00,1489.1199951172
2023-08-24 23:00:00,1545.1199951172
2023-08-25 00:00:00,911.35998535156
2023-08-25 01:00:00,781.11999511719
2023-08-25 02:00:00,812.64001464844
2023-08-25 03:00:00,714.40002441406
2023-08-25 04:00:00,777.44000244141
2023-08-25 05:00:00,940.47998046875
2023-08-25 06:00:00,1496.1600341797
2023-08-25 07:00:00,1998.8800048828
2023-08-25 08:00:00,1909.7600097656
2023-08-25 09:00:00,1913.2800292969
2023-08-25 10:00:00,2040.1600341797
2023-08-25 11:00:00,1971.8399658203
2023-08-25 12:00:00,2052.8000488281
2023-08-25 13:00:00,2091.8400878906
2023-08-25 14:00:00,1702.8800048828
2023-08-25 15:00:00,1894.0799560547
2023-08-25 16:00:00,1900.1600341797
2023-08-25 17:00:00,1808.3199462891
2023-08-25 18:00:00,1598.2399902344
2023-08-25 19:00:00,1824.1600341797
2023-08-25 20:00:00,1792.4799804688
2023-08-25 21:00:00,1715.1999511719
2023-08-25 22:00:00,1608.0
2023-08-25 23:00:00,1609.5999755859
2023-08-26 00:00:00,800.96002197266
2023-08-26 01:00:00,621.76000976562
2023-08-26 02:00:00,584.96002197266
2023-08-26 03:00:00,611.67999267578
2023-08-26 04:00:00,571.52001953125
2023-08-26 05:00:00,661.76000976562
2023-08-26 06:00:00,648.32000732422
2023-08-26 07:00:00,610.40002441406
2023-08-26 08:00:00,572.15997314453
2023-08-26 09:00:00,614.23999023438
2023-08-26 10:00:00,581.59997558594
2023-08-26 11:00:00,582.55999755859
2023-08-26 12:00:00,632.15997314453
2023-08-26 13:00:00,560.96002197266
2023-08-26 14:00:00,529.76000976562
2023-08-26 15:00:00,550.08001708984
2023-08-26 16:00:00,504.64001464844
2023-08-26 17:00:00,533.59997558594
2023-08-26 18:00:00,585.76000976562
2023-08-26 19:00:00,576.79998779297
2023-08-26 20:00:00,504.0
2023-08-26 21:00:00,511.51998901367
2023-08-26 22:00:00,484.48001098633
2023-08-26 23:00:00,506.23999023438
2023-08-27 00:00:00,467.04000854492
2023-08-27 01:00:00,436.48001098633
2023-08-27 02:00:00,404.0
2023-08-27 03:00:00,475.20001220703
2023-08-27 04:00:00,440.95999145508
2023-08-27 05:00:00,446.7200012207
2023-08-27 06:00:00,475.35998535156
2023-08-27 07:00:00,437.44000244141
2023-08-27 08:00:00,384.16000366211
2023-08-27 09:00:00,314.39999389648
2023-08-27 10:00:00,292.0
2023-08-27 11:00:00,300.48001098633
2023-08-27 12:00:00,295.83999633789
2023-08-27 13:00:00,278.39999389648
2023-08-27 14:00:00,497.60000610352
2023-08-27 15:00:00,453.11999511719
2023-08-27 16:00:00,457.11999511719
2023-08-27 17:00:00,542.71997070312
2023-08-27 18:00:00,515.35998535156
2023-08-27 19:00:00,480.16000366211
2023-08-27 20:00:00,466.39999389648
2023-08-27 21:00:00,463.04000854492
2023-08-27 22:00:00,473.11999511719
2023-08-27 23:00:00,483.67999267578
2023-08-28 00:00:00,471.83999633789
2023-08-28 01:00:00,490.55999755859
2023-08-28 02:00:00,450.23999023437
2023-08-28 03:00:00,548.0
2023-08-28 04:00:00,560.64001464844
2023-08-28 05:00:00,1573.2800292969
2023-08-28 06:00:00,1392.6400146484
2023-08-28 07:00:00,1870.7199707031
2023-08-28 08:00:00,1923.5200195312
2023-08-28 09:00:00,1599.6800537109
2023-08-28 10:00:00,1829.4399414062
2023-08-28 11:00:00,1888.1600341797
2023-08-28 12:00:00,1768.9599609375
2023-08-28 13:00:00,1762.0799560547
2023-08-28 14:00:00,1552.4799804688
2023-08-28 15:00:00,1650.0799560547
2023-08-28 16:00:00,1700.4799804688
2023-08-28 17:00:00,1688.0
2023-08-28 18:00:00,1368.8000488281
2023-08-28 19:00:00,1640.3199462891
2023-08-28 20:00:00,1103.1999511719
2023-08-28 21:00:00,1651.6800537109
2023-08-28 22:00:00,1255.0400390625
2023-08-28 23:00:00,1490.8800048828
2023-08-29 00:00:00,1131.6800537109
2023-08-29 01:00:00,732.64001464844
2023-08-29 02:00:00,712.64001464844
2023-08-29 03:00:00,773.76000976562
2023-08-29 04:00:00,728.79998779297
2023-08-29 05:00:00,970.88000488281
2023-08-29 06:00:00,1453.5999755859
2023-08-29 07:00:00,1888.8000488281
2023-08-29 08:00:00,1903.5200195313
2023-08-29 09:00:00,1683.3599853516
2023-08-29 10:00:00,1898.7199707031
2023-08-29 11:00:00,1955.8399658203
2023-08-29 12:00:00,1866.2399902344
2023-08-29 13:00:00,1802.4000244141
2023-08-29 14:00:00,1566.4000244141
2023-08-29 15:00:00,1725.1199951172
2023-08-29 16:00:00,1714.5600585938
2023-08-29 17:00:00,1752.9599609375
2023-08-29 18:00:00,1441.9200439453
2023-08-29 19:00:00,1843.0400390625
2023-08-29 20:00:00,1214.0799560547
2023-08-29 21:00:00,1604.8000488281
2023-08-29 22:00:00,1351.5200195312
2023-08-29 23:00:00,1520.6400146484
2023-08-30 00:00:00,940.32000732422
2023-08-30 01:00:00,721.91998291016
2023-08-30 02:00:00,690.40002441406
2023-08-30 03:00:00,708.96002197266
2023-08-30 04:00:00,713.11999511719
2023-08-30 05:00:00,963.52001953125
2023-08-30 06:00:00,1663.0400390625
2023-08-30 07:00:00,1923.3599853516
2023-08-30 08:00:00,1843.0400390625
2023-08-30 09:00:00,1586.8800048828
2023-08-30 10:00:00,2006.8800048828
2023-08-30 11:00:00,1932.4799804688
2023-08-30 12:00:00,1815.5200195312
2023-08-30 13:00:00,1832.8000488281
2023-08-30 14:00:00,1811.8399658203
2023-08-30 15:00:00,1721.2800292969
2023-08-30 16:00:00,1767.6800537109
2023-08-30 17:00:00,1766.0799560547
2023-08-30 18:00:00,1597.1199951172
2023-08-30 19:00:00,1701.1199951172
2023-08-30 20:00:00,1149.1199951172
2023-08-30 21:00:00,1583.5200195312
2023-08-30 22:00:00,1306.4000244141
2023-08-30 23:00:00,1493.5999755859
2023-08-31 00:00:00,684.15997314453
2023-08-31 01:00:00,740.15997314453
2023-08-31 02:00:00,709.44000244141
2023-08-31 03:00:00,688.64001464844
2023-08-31 04:00:00,796.47998046875
2023-08-31 05:00:00,1432.0
2023-08-31 06:00:00,1628.1600341797
2023-08-31 07:00:00,1809.4399414062
2023-08-31 08:00:00,1820.4799804688
2023-08-31 09:00:00,1730.2399902344
2023-08-31 10:00:00,1861.2800292969
2023-08-31 11:00:00,1922.0799560547
2023-08-31 12:00:00,1771.5200195312
2023-08-31 13:00:00,1809.9200439453
2023-08-31 14:00:00,1697.9200439453
2023-08-31 15:00:00,1694.0799560547
2023-08-31 16:00:00,1756.4799804688
2023-08-31 17:00:00,1634.4000244141
2023-08-31 18:00:00,1483.5200195312
2023-08-31 19:00:00,1571.5200195312
2023-08-31 20:00:00,1355.0400390625
2023-08-31 21:00:00,1645.1199951172
2023-08-31 22:00:00,1266.7199707031
2023-08-31 23:00:00,1502.0799560547
